Grupo de edad;Situación de Dependencia;Personas sin y con discapacidad;año;Total
Total;Total;Total;2012;30.486,2
Total;Total;Total;2011;30.706,3
Total;Total;Total;2010;30.828,1
Total;Total;Total;2009;30.906,1
Total;Total;Total;2008;30.788,4
Total;Total;Personas sin discapacidad;2012;29.035,4
Total;Total;Personas sin discapacidad;2011;29.444,4
Total;Total;Personas sin discapacidad;2010;29.656,3
Total;Total;Personas sin discapacidad;2009;29.824,3
Total;Total;Personas sin discapacidad;2008;29.915,1
Total;Total;Personas con discapacidad;2012;1.450,8
Total;Total;Personas con discapacidad;2011;1.262,0
Total;Total;Personas con discapacidad;2010;1.171,9
Total;Total;Personas con discapacidad;2009;1.081,8
Total;Total;Personas con discapacidad;2008;873,3
Total;Total;Porcentaje vertical: Total;2012;100,0
Total;Total;Porcentaje vertical: Total;2011;100,0
Total;Total;Porcentaje vertical: Total;2010;100,0
Total;Total;Porcentaje vertical: Total;2009;100,0
Total;Total;Porcentaje vertical: Total;2008;100,0
Total;Total;Porcentaje vertical: Personas sin discapacidad;2012;100,0
Total;Total;Porcentaje vertical: Personas sin discapacidad;2011;100,0
Total;Total;Porcentaje vertical: Personas sin discapacidad;2010;100,0
Total;Total;Porcentaje vertical: Personas sin discapacidad;2009;100,0
Total;Total;Porcentaje vertical: Personas sin discapacidad;2008;100,0
Total;Total;Porcentaje vertical: Personas con discapacidad;2012;100,0
Total;Total;Porcentaje vertical: Personas con discapacidad;2011;100,0
Total;Total;Porcentaje vertical: Personas con discapacidad;2010;100,0
Total;Total;Porcentaje vertical: Personas con discapacidad;2009;100,0
Total;Total;Porcentaje vertical: Personas con discapacidad;2008;100,0
Total;Total;Porcentaje horizontal: Total;2012;100,0
Total;Total;Porcentaje horizontal: Total;2011;100,0
Total;Total;Porcentaje horizontal: Total;2010;100,0
Total;Total;Porcentaje horizontal: Total;2009;100,0
Total;Total;Porcentaje horizontal: Total;2008;100,0
Total;Total;Porcentaje horizontal: Personas sin discapacidad;2012;95,2
Total;Total;Porcentaje horizontal: Personas sin discapacidad;2011;95,9
Total;Total;Porcentaje horizontal: Personas sin discapacidad;2010;96,2
Total;Total;Porcentaje horizontal: Personas sin discapacidad;2009;96,5
Total;Total;Porcentaje horizontal: Personas sin discapacidad;2008;97,2
Total;Total;Porcentaje horizontal: Personas con discapacidad;2012;4,8
Total;Total;Porcentaje horizontal: Personas con discapacidad;2011;4,1
Total;Total;Porcentaje horizontal: Personas con discapacidad;2010;3,8
Total;Total;Porcentaje horizontal: Personas con discapacidad;2009;3,5
Total;Total;Porcentaje horizontal: Personas con discapacidad;2008;2,8
Total;Personas en situación de dependencia;Total;2012;283,9
Total;Personas en situación de dependencia;Total;2011;214,3
Total;Personas en situación de dependencia;Total;2010;275,3
Total;Personas en situación de dependencia;Total;2009;248,5
Total;Personas en situación de dependencia;Total;2008;269,8
Total;Personas en situación de dependencia;Personas sin discapacidad;2012;35,5
Total;Personas en situación de dependencia;Personas sin discapacidad;2011;5,5
Total;Personas en situación de dependencia;Personas sin discapacidad;2010;86,6
Total;Personas en situación de dependencia;Personas sin discapacidad;2009;87,5
Total;Personas en situación de dependencia;Personas sin discapacidad;2008;109,8
Total;Personas en situación de dependencia;Personas con discapacidad;2012;248,4
Total;Personas en situación de dependencia;Personas con discapacidad;2011;208,8
Total;Personas en situación de dependencia;Personas con discapacidad;2010;188,7
Total;Personas en situación de dependencia;Personas con discapacidad;2009;161,0
Total;Personas en situación de dependencia;Personas con discapacidad;2008;160,1
Total;Personas en situación de dependencia;Porcentaje vertical: Total;2012;0,9
Total;Personas en situación de dependencia;Porcentaje vertical: Total;2011;0,7
Total;Personas en situación de dependencia;Porcentaje vertical: Total;2010;0,9
Total;Personas en situación de dependencia;Porcentaje vertical: Total;2009;0,8
Total;Personas en situación de dependencia;Porcentaje vertical: Total;2008;0,9
Total;Personas en situación de dependencia;Porcentaje vertical: Personas sin discapacidad;2012;0,1
Total;Personas en situación de dependencia;Porcentaje vertical: Personas sin discapacidad;2011;0,0
Total;Personas en situación de dependencia;Porcentaje vertical: Personas sin discapacidad;2010;0,3
Total;Personas en situación de dependencia;Porcentaje vertical: Personas sin discapacidad;2009;0,3
Total;Personas en situación de dependencia;Porcentaje vertical: Personas sin discapacidad;2008;0,4
Total;Personas en situación de dependencia;Porcentaje vertical: Personas con discapacidad;2012;17,1
Total;Personas en situación de dependencia;Porcentaje vertical: Personas con discapacidad;2011;16,5
Total;Personas en situación de dependencia;Porcentaje vertical: Personas con discapacidad;2010;16,1
Total;Personas en situación de dependencia;Porcentaje vertical: Personas con discapacidad;2009;14,9
Total;Personas en situación de dependencia;Porcentaje vertical: Personas con discapacidad;2008;18,3
Total;Personas en situación de dependencia;Porcentaje horizontal: Total;2012;100,0
Total;Personas en situación de dependencia;Porcentaje horizontal: Total;2011;100,0
Total;Personas en situación de dependencia;Porcentaje horizontal: Total;2010;100,0
Total;Personas en situación de dependencia;Porcentaje horizontal: Total;2009;100,0
Total;Personas en situación de dependencia;Porcentaje horizontal: Total;2008;100,0
Total;Personas en situación de dependencia;Porcentaje horizontal: Personas sin discapacidad;2012;12,5
Total;Personas en situación de dependencia;Porcentaje horizontal: Personas sin discapacidad;2011;2,6
Total;Personas en situación de dependencia;Porcentaje horizontal: Personas sin discapacidad;2010;31,5
Total;Personas en situación de dependencia;Porcentaje horizontal: Personas sin discapacidad;2009;35,2
Total;Personas en situación de dependencia;Porcentaje horizontal: Personas sin discapacidad;2008;40,7
Total;Personas en situación de dependencia;Porcentaje horizontal: Personas con discapacidad;2012;87,5
Total;Personas en situación de dependencia;Porcentaje horizontal: Personas con discapacidad;2011;97,4
Total;Personas en situación de dependencia;Porcentaje horizontal: Personas con discapacidad;2010;68,5
Total;Personas en situación de dependencia;Porcentaje horizontal: Personas con discapacidad;2009;64,8
Total;Personas en situación de dependencia;Porcentaje horizontal: Personas con discapacidad;2008;59,3
Total;Resto de personas;Total;2012;30.202,3
Total;Resto de personas;Total;2011;30.492,0
Total;Resto de personas;Total;2010;30.552,8
Total;Resto de personas;Total;2009;30.657,7
Total;Resto de personas;Total;2008;30.518,6
Total;Resto de personas;Personas sin discapacidad;2012;28.999,9
Total;Resto de personas;Personas sin discapacidad;2011;29.438,9
Total;Resto de personas;Personas sin discapacidad;2010;29.569,7
Total;Resto de personas;Personas sin discapacidad;2009;29.736,8
Total;Resto de personas;Personas sin discapacidad;2008;29.805,3
Total;Resto de personas;Personas con discapacidad;2012;1.202,4
Total;Resto de personas;Personas con discapacidad;2011;1.053,2
Total;Resto de personas;Personas con discapacidad;2010;983,2
Total;Resto de personas;Personas con discapacidad;2009;920,9
Total;Resto de personas;Personas con discapacidad;2008;713,2
Total;Resto de personas;Porcentaje vertical: Total;2012;99,1
Total;Resto de personas;Porcentaje vertical: Total;2011;99,3
Total;Resto de personas;Porcentaje vertical: Total;2010;99,1
Total;Resto de personas;Porcentaje vertical: Total;2009;99,2
Total;Resto de personas;Porcentaje vertical: Total;2008;99,1
Total;Resto de personas;Porcentaje vertical: Personas sin discapacidad;2012;99,9
Total;Resto de personas;Porcentaje vertical: Personas sin discapacidad;2011;100,0
Total;Resto de personas;Porcentaje vertical: Personas sin discapacidad;2010;99,7
Total;Resto de personas;Porcentaje vertical: Personas sin discapacidad;2009;99,7
Total;Resto de personas;Porcentaje vertical: Personas sin discapacidad;2008;99,6
Total;Resto de personas;Porcentaje vertical: Personas con discapacidad;2012;82,9
Total;Resto de personas;Porcentaje vertical: Personas con discapacidad;2011;83,5
Total;Resto de personas;Porcentaje vertical: Personas con discapacidad;2010;83,9
Total;Resto de personas;Porcentaje vertical: Personas con discapacidad;2009;85,1
Total;Resto de personas;Porcentaje vertical: Personas con discapacidad;2008;81,7
Total;Resto de personas;Porcentaje horizontal: Total;2012;100,0
Total;Resto de personas;Porcentaje horizontal: Total;2011;100,0
Total;Resto de personas;Porcentaje horizontal: Total;2010;100,0
Total;Resto de personas;Porcentaje horizontal: Total;2009;100,0
Total;Resto de personas;Porcentaje horizontal: Total;2008;100,0
Total;Resto de personas;Porcentaje horizontal: Personas sin discapacidad;2012;96,0
Total;Resto de personas;Porcentaje horizontal: Personas sin discapacidad;2011;96,5
Total;Resto de personas;Porcentaje horizontal: Personas sin discapacidad;2010;96,8
Total;Resto de personas;Porcentaje horizontal: Personas sin discapacidad;2009;97,0
Total;Resto de personas;Porcentaje horizontal: Personas sin discapacidad;2008;97,7
Total;Resto de personas;Porcentaje horizontal: Personas con discapacidad;2012;4,0
Total;Resto de personas;Porcentaje horizontal: Personas con discapacidad;2011;3,5
Total;Resto de personas;Porcentaje horizontal: Personas con discapacidad;2010;3,2
Total;Resto de personas;Porcentaje horizontal: Personas con discapacidad;2009;3,0
Total;Resto de personas;Porcentaje horizontal: Personas con discapacidad;2008;2,3
De 16 a 24 años;Total;Total;2012;4.156,1
De 16 a 24 años;Total;Total;2011;4.258,0
De 16 a 24 años;Total;Total;2010;4.366,6
De 16 a 24 años;Total;Total;2009;4.488,8
De 16 a 24 años;Total;Total;2008;4.585,1
De 16 a 24 años;Total;Personas sin discapacidad;2012;4.070,2
De 16 a 24 años;Total;Personas sin discapacidad;2011;4.182,2
De 16 a 24 años;Total;Personas sin discapacidad;2010;4.299,0
De 16 a 24 años;Total;Personas sin discapacidad;2009;4.428,7
De 16 a 24 años;Total;Personas sin discapacidad;2008;4.527,6
De 16 a 24 años;Total;Personas con discapacidad;2012;85,9
De 16 a 24 años;Total;Personas con discapacidad;2011;75,9
De 16 a 24 años;Total;Personas con discapacidad;2010;67,6
De 16 a 24 años;Total;Personas con discapacidad;2009;60,1
De 16 a 24 años;Total;Personas con discapacidad;2008;57,5
De 16 a 24 años;Total;Porcentaje vertical: Total;2012;100,0
De 16 a 24 años;Total;Porcentaje vertical: Total;2011;100,0
De 16 a 24 años;Total;Porcentaje vertical: Total;2010;100,0
De 16 a 24 años;Total;Porcentaje vertical: Total;2009;100,0
De 16 a 24 años;Total;Porcentaje vertical: Total;2008;100,0
De 16 a 24 años;Total;Porcentaje vertical: Personas sin discapacidad;2012;100,0
De 16 a 24 años;Total;Porcentaje vertical: Personas sin discapacidad;2011;100,0
De 16 a 24 años;Total;Porcentaje vertical: Personas sin discapacidad;2010;100,0
De 16 a 24 años;Total;Porcentaje vertical: Personas sin discapacidad;2009;100,0
De 16 a 24 años;Total;Porcentaje vertical: Personas sin discapacidad;2008;100,0
De 16 a 24 años;Total;Porcentaje vertical: Personas con discapacidad;2012;100,0
De 16 a 24 años;Total;Porcentaje vertical: Personas con discapacidad;2011;100,0
De 16 a 24 años;Total;Porcentaje vertical: Personas con discapacidad;2010;100,0
De 16 a 24 años;Total;Porcentaje vertical: Personas con discapacidad;2009;100,0
De 16 a 24 años;Total;Porcentaje vertical: Personas con discapacidad;2008;100,0
De 16 a 24 años;Total;Porcentaje horizontal: Total;2012;100,0
De 16 a 24 años;Total;Porcentaje horizontal: Total;2011;100,0
De 16 a 24 años;Total;Porcentaje horizontal: Total;2010;100,0
De 16 a 24 años;Total;Porcentaje horizontal: Total;2009;100,0
De 16 a 24 años;Total;Porcentaje horizontal: Total;2008;100,0
De 16 a 24 años;Total;Porcentaje horizontal: Personas sin discapacidad;2012;97,9
De 16 a 24 años;Total;Porcentaje horizontal: Personas sin discapacidad;2011;98,2
De 16 a 24 años;Total;Porcentaje horizontal: Personas sin discapacidad;2010;98,5
De 16 a 24 años;Total;Porcentaje horizontal: Personas sin discapacidad;2009;98,7
De 16 a 24 años;Total;Porcentaje horizontal: Personas sin discapacidad;2008;98,7
De 16 a 24 años;Total;Porcentaje horizontal: Personas con discapacidad;2012;2,1
De 16 a 24 años;Total;Porcentaje horizontal: Personas con discapacidad;2011;1,8
De 16 a 24 años;Total;Porcentaje horizontal: Personas con discapacidad;2010;1,5
De 16 a 24 años;Total;Porcentaje horizontal: Personas con discapacidad;2009;1,3
De 16 a 24 años;Total;Porcentaje horizontal: Personas con discapacidad;2008;1,3
De 16 a 24 años;Personas en situación de dependencia;Total;2012;30,2
De 16 a 24 años;Personas en situación de dependencia;Total;2011;22,6
De 16 a 24 años;Personas en situación de dependencia;Total;2010;25,5
De 16 a 24 años;Personas en situación de dependencia;Total;2009;23,7
De 16 a 24 años;Personas en situación de dependencia;Total;2008;31,2
De 16 a 24 años;Personas en situación de dependencia;Personas sin discapacidad;2012;2,0
De 16 a 24 años;Personas en situación de dependencia;Personas sin discapacidad;2011;.
De 16 a 24 años;Personas en situación de dependencia;Personas sin discapacidad;2010;3,8
De 16 a 24 años;Personas en situación de dependencia;Personas sin discapacidad;2009;6,1
De 16 a 24 años;Personas en situación de dependencia;Personas sin discapacidad;2008;6,6
De 16 a 24 años;Personas en situación de dependencia;Personas con discapacidad;2012;28,1
De 16 a 24 años;Personas en situación de dependencia;Personas con discapacidad;2011;.
De 16 a 24 años;Personas en situación de dependencia;Personas con discapacidad;2010;21,6
De 16 a 24 años;Personas en situación de dependencia;Personas con discapacidad;2009;17,6
De 16 a 24 años;Personas en situación de dependencia;Personas con discapacidad;2008;24,7
De 16 a 24 años;Personas en situación de dependencia;Porcentaje vertical: Total;2012;0,7
De 16 a 24 años;Personas en situación de dependencia;Porcentaje vertical: Total;2011;0,0
De 16 a 24 años;Personas en situación de dependencia;Porcentaje vertical: Total;2010;0,6
De 16 a 24 años;Personas en situación de dependencia;Porcentaje vertical: Total;2009;0,5
De 16 a 24 años;Personas en situación de dependencia;Porcentaje vertical: Total;2008;0,7
De 16 a 24 años;Personas en situación de dependencia;Porcentaje vertical: Personas sin discapacidad;2012;0,0
De 16 a 24 años;Personas en situación de dependencia;Porcentaje vertical: Personas sin discapacidad;2011;.
De 16 a 24 años;Personas en situación de dependencia;Porcentaje vertical: Personas sin discapacidad;2010;0,1
De 16 a 24 años;Personas en situación de dependencia;Porcentaje vertical: Personas sin discapacidad;2009;0,1
De 16 a 24 años;Personas en situación de dependencia;Porcentaje vertical: Personas sin discapacidad;2008;0,1
De 16 a 24 años;Personas en situación de dependencia;Porcentaje vertical: Personas con discapacidad;2012;32,8
De 16 a 24 años;Personas en situación de dependencia;Porcentaje vertical: Personas con discapacidad;2011;.
De 16 a 24 años;Personas en situación de dependencia;Porcentaje vertical: Personas con discapacidad;2010;32,0
De 16 a 24 años;Personas en situación de dependencia;Porcentaje vertical: Personas con discapacidad;2009;29,2
De 16 a 24 años;Personas en situación de dependencia;Porcentaje vertical: Personas con discapacidad;2008;42,9
De 16 a 24 años;Personas en situación de dependencia;Porcentaje horizontal: Total;2012;100,0
De 16 a 24 años;Personas en situación de dependencia;Porcentaje horizontal: Total;2011;100,0
De 16 a 24 años;Personas en situación de dependencia;Porcentaje horizontal: Total;2010;100,0
De 16 a 24 años;Personas en situación de dependencia;Porcentaje horizontal: Total;2009;100,0
De 16 a 24 años;Personas en situación de dependencia;Porcentaje horizontal: Total;2008;100,0
De 16 a 24 años;Personas en situación de dependencia;Porcentaje horizontal: Personas sin discapacidad;2012;6,7
De 16 a 24 años;Personas en situación de dependencia;Porcentaje horizontal: Personas sin discapacidad;2011;.
De 16 a 24 años;Personas en situación de dependencia;Porcentaje horizontal: Personas sin discapacidad;2010;15,1
De 16 a 24 años;Personas en situación de dependencia;Porcentaje horizontal: Personas sin discapacidad;2009;25,9
De 16 a 24 años;Personas en situación de dependencia;Porcentaje horizontal: Personas sin discapacidad;2008;21,1
De 16 a 24 años;Personas en situación de dependencia;Porcentaje horizontal: Personas con discapacidad;2012;93,3
De 16 a 24 años;Personas en situación de dependencia;Porcentaje horizontal: Personas con discapacidad;2011;.
De 16 a 24 años;Personas en situación de dependencia;Porcentaje horizontal: Personas con discapacidad;2010;84,9
De 16 a 24 años;Personas en situación de dependencia;Porcentaje horizontal: Personas con discapacidad;2009;74,1
De 16 a 24 años;Personas en situación de dependencia;Porcentaje horizontal: Personas con discapacidad;2008;78,9
De 16 a 24 años;Resto de personas;Total;2012;4.125,9
De 16 a 24 años;Resto de personas;Total;2011;4.235,4
De 16 a 24 años;Resto de personas;Total;2010;4.341,1
De 16 a 24 años;Resto de personas;Total;2009;4.465,1
De 16 a 24 años;Resto de personas;Total;2008;4.553,9
De 16 a 24 años;Resto de personas;Personas sin discapacidad;2012;4.068,2
De 16 a 24 años;Resto de personas;Personas sin discapacidad;2011;.
De 16 a 24 años;Resto de personas;Personas sin discapacidad;2010;4.295,1
De 16 a 24 años;Resto de personas;Personas sin discapacidad;2009;4.422,6
De 16 a 24 años;Resto de personas;Personas sin discapacidad;2008;4.521,0
De 16 a 24 años;Resto de personas;Personas con discapacidad;2012;57,7
De 16 a 24 años;Resto de personas;Personas con discapacidad;2011;.
De 16 a 24 años;Resto de personas;Personas con discapacidad;2010;46,0
De 16 a 24 años;Resto de personas;Personas con discapacidad;2009;42,5
De 16 a 24 años;Resto de personas;Personas con discapacidad;2008;32,8
De 16 a 24 años;Resto de personas;Porcentaje vertical: Total;2012;99,3
De 16 a 24 años;Resto de personas;Porcentaje vertical: Total;2011;99,5
De 16 a 24 años;Resto de personas;Porcentaje vertical: Total;2010;99,4
De 16 a 24 años;Resto de personas;Porcentaje vertical: Total;2009;99,5
De 16 a 24 años;Resto de personas;Porcentaje vertical: Total;2008;99,3
De 16 a 24 años;Resto de personas;Porcentaje vertical: Personas sin discapacidad;2012;100,0
De 16 a 24 años;Resto de personas;Porcentaje vertical: Personas sin discapacidad;2011;.
De 16 a 24 años;Resto de personas;Porcentaje vertical: Personas sin discapacidad;2010;99,9
De 16 a 24 años;Resto de personas;Porcentaje vertical: Personas sin discapacidad;2009;99,9
De 16 a 24 años;Resto de personas;Porcentaje vertical: Personas sin discapacidad;2008;99,9
De 16 a 24 años;Resto de personas;Porcentaje vertical: Personas con discapacidad;2012;67,2
De 16 a 24 años;Resto de personas;Porcentaje vertical: Personas con discapacidad;2011;.
De 16 a 24 años;Resto de personas;Porcentaje vertical: Personas con discapacidad;2010;68,0
De 16 a 24 años;Resto de personas;Porcentaje vertical: Personas con discapacidad;2009;70,8
De 16 a 24 años;Resto de personas;Porcentaje vertical: Personas con discapacidad;2008;57,1
De 16 a 24 años;Resto de personas;Porcentaje horizontal: Total;2012;100,0
De 16 a 24 años;Resto de personas;Porcentaje horizontal: Total;2011;100,0
De 16 a 24 años;Resto de personas;Porcentaje horizontal: Total;2010;100,0
De 16 a 24 años;Resto de personas;Porcentaje horizontal: Total;2009;100,0
De 16 a 24 años;Resto de personas;Porcentaje horizontal: Total;2008;100,0
De 16 a 24 años;Resto de personas;Porcentaje horizontal: Personas sin discapacidad;2012;98,6
De 16 a 24 años;Resto de personas;Porcentaje horizontal: Personas sin discapacidad;2011;.
De 16 a 24 años;Resto de personas;Porcentaje horizontal: Personas sin discapacidad;2010;98,9
De 16 a 24 años;Resto de personas;Porcentaje horizontal: Personas sin discapacidad;2009;99,0
De 16 a 24 años;Resto de personas;Porcentaje horizontal: Personas sin discapacidad;2008;99,3
De 16 a 24 años;Resto de personas;Porcentaje horizontal: Personas con discapacidad;2012;1,4
De 16 a 24 años;Resto de personas;Porcentaje horizontal: Personas con discapacidad;2011;.
De 16 a 24 años;Resto de personas;Porcentaje horizontal: Personas con discapacidad;2010;1,1
De 16 a 24 años;Resto de personas;Porcentaje horizontal: Personas con discapacidad;2009;1,0
De 16 a 24 años;Resto de personas;Porcentaje horizontal: Personas con discapacidad;2008;0,7
De 25 a 44 años;Total;Total;2012;14.410,3
De 25 a 44 años;Total;Total;2011;14.718,6
De 25 a 44 años;Total;Total;2010;14.945,1
De 25 a 44 años;Total;Total;2009;15.116,6
De 25 a 44 años;Total;Total;2008;15.148,5
De 25 a 44 años;Total;Personas sin discapacidad;2012;13.962,9
De 25 a 44 años;Total;Personas sin discapacidad;2011;14.315,3
De 25 a 44 años;Total;Personas sin discapacidad;2010;14.563,0
De 25 a 44 años;Total;Personas sin discapacidad;2009;14.754,6
De 25 a 44 años;Total;Personas sin discapacidad;2008;14.839,8
De 25 a 44 años;Total;Personas con discapacidad;2012;447,4
De 25 a 44 años;Total;Personas con discapacidad;2011;403,2
De 25 a 44 años;Total;Personas con discapacidad;2010;382,1
De 25 a 44 años;Total;Personas con discapacidad;2009;362,1
De 25 a 44 años;Total;Personas con discapacidad;2008;308,7
De 25 a 44 años;Total;Porcentaje vertical: Total;2012;100,0
De 25 a 44 años;Total;Porcentaje vertical: Total;2011;100,0
De 25 a 44 años;Total;Porcentaje vertical: Total;2010;100,0
De 25 a 44 años;Total;Porcentaje vertical: Total;2009;100,0
De 25 a 44 años;Total;Porcentaje vertical: Total;2008;100,0
De 25 a 44 años;Total;Porcentaje vertical: Personas sin discapacidad;2012;100,0
De 25 a 44 años;Total;Porcentaje vertical: Personas sin discapacidad;2011;100,0
De 25 a 44 años;Total;Porcentaje vertical: Personas sin discapacidad;2010;100,0
De 25 a 44 años;Total;Porcentaje vertical: Personas sin discapacidad;2009;100,0
De 25 a 44 años;Total;Porcentaje vertical: Personas sin discapacidad;2008;100,0
De 25 a 44 años;Total;Porcentaje vertical: Personas con discapacidad;2012;100,0
De 25 a 44 años;Total;Porcentaje vertical: Personas con discapacidad;2011;100,0
De 25 a 44 años;Total;Porcentaje vertical: Personas con discapacidad;2010;100,0
De 25 a 44 años;Total;Porcentaje vertical: Personas con discapacidad;2009;100,0
De 25 a 44 años;Total;Porcentaje vertical: Personas con discapacidad;2008;100,0
De 25 a 44 años;Total;Porcentaje horizontal: Total;2012;100,0
De 25 a 44 años;Total;Porcentaje horizontal: Total;2011;100,0
De 25 a 44 años;Total;Porcentaje horizontal: Total;2010;100,0
De 25 a 44 años;Total;Porcentaje horizontal: Total;2009;100,0
De 25 a 44 años;Total;Porcentaje horizontal: Total;2008;100,0
De 25 a 44 años;Total;Porcentaje horizontal: Personas sin discapacidad;2012;96,9
De 25 a 44 años;Total;Porcentaje horizontal: Personas sin discapacidad;2011;97,3
De 25 a 44 años;Total;Porcentaje horizontal: Personas sin discapacidad;2010;97,4
De 25 a 44 años;Total;Porcentaje horizontal: Personas sin discapacidad;2009;97,6
De 25 a 44 años;Total;Porcentaje horizontal: Personas sin discapacidad;2008;98,0
De 25 a 44 años;Total;Porcentaje horizontal: Personas con discapacidad;2012;3,1
De 25 a 44 años;Total;Porcentaje horizontal: Personas con discapacidad;2011;2,7
De 25 a 44 años;Total;Porcentaje horizontal: Personas con discapacidad;2010;2,6
De 25 a 44 años;Total;Porcentaje horizontal: Personas con discapacidad;2009;2,4
De 25 a 44 años;Total;Porcentaje horizontal: Personas con discapacidad;2008;2,0
De 25 a 44 años;Personas en situación de dependencia;Total;2012;104,7
De 25 a 44 años;Personas en situación de dependencia;Total;2011;74,4
De 25 a 44 años;Personas en situación de dependencia;Total;2010;99,5
De 25 a 44 años;Personas en situación de dependencia;Total;2009;90,1
De 25 a 44 años;Personas en situación de dependencia;Total;2008;98,6
De 25 a 44 años;Personas en situación de dependencia;Personas sin discapacidad;2012;8,3
De 25 a 44 años;Personas en situación de dependencia;Personas sin discapacidad;2011;.
De 25 a 44 años;Personas en situación de dependencia;Personas sin discapacidad;2010;25,3
De 25 a 44 años;Personas en situación de dependencia;Personas sin discapacidad;2009;24,1
De 25 a 44 años;Personas en situación de dependencia;Personas sin discapacidad;2008;29,2
De 25 a 44 años;Personas en situación de dependencia;Personas con discapacidad;2012;96,4
De 25 a 44 años;Personas en situación de dependencia;Personas con discapacidad;2011;.
De 25 a 44 años;Personas en situación de dependencia;Personas con discapacidad;2010;74,2
De 25 a 44 años;Personas en situación de dependencia;Personas con discapacidad;2009;65,9
De 25 a 44 años;Personas en situación de dependencia;Personas con discapacidad;2008;69,4
De 25 a 44 años;Personas en situación de dependencia;Porcentaje vertical: Total;2012;0,7
De 25 a 44 años;Personas en situación de dependencia;Porcentaje vertical: Total;2011;0,5
De 25 a 44 años;Personas en situación de dependencia;Porcentaje vertical: Total;2010;0,7
De 25 a 44 años;Personas en situación de dependencia;Porcentaje vertical: Total;2009;0,6
De 25 a 44 años;Personas en situación de dependencia;Porcentaje vertical: Total;2008;0,7
De 25 a 44 años;Personas en situación de dependencia;Porcentaje vertical: Personas sin discapacidad;2012;0,1
De 25 a 44 años;Personas en situación de dependencia;Porcentaje vertical: Personas sin discapacidad;2011;.
De 25 a 44 años;Personas en situación de dependencia;Porcentaje vertical: Personas sin discapacidad;2010;0,2
De 25 a 44 años;Personas en situación de dependencia;Porcentaje vertical: Personas sin discapacidad;2009;0,2
De 25 a 44 años;Personas en situación de dependencia;Porcentaje vertical: Personas sin discapacidad;2008;0,2
De 25 a 44 años;Personas en situación de dependencia;Porcentaje vertical: Personas con discapacidad;2012;21,6
De 25 a 44 años;Personas en situación de dependencia;Porcentaje vertical: Personas con discapacidad;2011;.
De 25 a 44 años;Personas en situación de dependencia;Porcentaje vertical: Personas con discapacidad;2010;19,4
De 25 a 44 años;Personas en situación de dependencia;Porcentaje vertical: Personas con discapacidad;2009;18,2
De 25 a 44 años;Personas en situación de dependencia;Porcentaje vertical: Personas con discapacidad;2008;22,5
De 25 a 44 años;Personas en situación de dependencia;Porcentaje horizontal: Total;2012;100,0
De 25 a 44 años;Personas en situación de dependencia;Porcentaje horizontal: Total;2011;100,0
De 25 a 44 años;Personas en situación de dependencia;Porcentaje horizontal: Total;2010;100,0
De 25 a 44 años;Personas en situación de dependencia;Porcentaje horizontal: Total;2009;100,0
De 25 a 44 años;Personas en situación de dependencia;Porcentaje horizontal: Total;2008;100,0
De 25 a 44 años;Personas en situación de dependencia;Porcentaje horizontal: Personas sin discapacidad;2012;7,9
De 25 a 44 años;Personas en situación de dependencia;Porcentaje horizontal: Personas sin discapacidad;2011;.
De 25 a 44 años;Personas en situación de dependencia;Porcentaje horizontal: Personas sin discapacidad;2010;25,4
De 25 a 44 años;Personas en situación de dependencia;Porcentaje horizontal: Personas sin discapacidad;2009;26,8
De 25 a 44 años;Personas en situación de dependencia;Porcentaje horizontal: Personas sin discapacidad;2008;29,6
De 25 a 44 años;Personas en situación de dependencia;Porcentaje horizontal: Personas con discapacidad;2012;92,1
De 25 a 44 años;Personas en situación de dependencia;Porcentaje horizontal: Personas con discapacidad;2011;.
De 25 a 44 años;Personas en situación de dependencia;Porcentaje horizontal: Personas con discapacidad;2010;74,6
De 25 a 44 años;Personas en situación de dependencia;Porcentaje horizontal: Personas con discapacidad;2009;73,2
De 25 a 44 años;Personas en situación de dependencia;Porcentaje horizontal: Personas con discapacidad;2008;70,4
De 25 a 44 años;Resto de personas;Total;2012;14.305,6
De 25 a 44 años;Resto de personas;Total;2011;14.644,1
De 25 a 44 años;Resto de personas;Total;2010;14.845,6
De 25 a 44 años;Resto de personas;Total;2009;15.026,5
De 25 a 44 años;Resto de personas;Total;2008;15.049,9
De 25 a 44 años;Resto de personas;Personas sin discapacidad;2012;13.954,6
De 25 a 44 años;Resto de personas;Personas sin discapacidad;2011;.
De 25 a 44 años;Resto de personas;Personas sin discapacidad;2010;14.537,7
De 25 a 44 años;Resto de personas;Personas sin discapacidad;2009;14.730,4
De 25 a 44 años;Resto de personas;Personas sin discapacidad;2008;14.810,6
De 25 a 44 años;Resto de personas;Personas con discapacidad;2012;351,0
De 25 a 44 años;Resto de personas;Personas con discapacidad;2011;.
De 25 a 44 años;Resto de personas;Personas con discapacidad;2010;308,0
De 25 a 44 años;Resto de personas;Personas con discapacidad;2009;296,1
De 25 a 44 años;Resto de personas;Personas con discapacidad;2008;239,3
De 25 a 44 años;Resto de personas;Porcentaje vertical: Total;2012;99,3
De 25 a 44 años;Resto de personas;Porcentaje vertical: Total;2011;99,5
De 25 a 44 años;Resto de personas;Porcentaje vertical: Total;2010;99,3
De 25 a 44 años;Resto de personas;Porcentaje vertical: Total;2009;99,4
De 25 a 44 años;Resto de personas;Porcentaje vertical: Total;2008;99,3
De 25 a 44 años;Resto de personas;Porcentaje vertical: Personas sin discapacidad;2012;99,9
De 25 a 44 años;Resto de personas;Porcentaje vertical: Personas sin discapacidad;2011;.
De 25 a 44 años;Resto de personas;Porcentaje vertical: Personas sin discapacidad;2010;99,8
De 25 a 44 años;Resto de personas;Porcentaje vertical: Personas sin discapacidad;2009;99,8
De 25 a 44 años;Resto de personas;Porcentaje vertical: Personas sin discapacidad;2008;99,8
De 25 a 44 años;Resto de personas;Porcentaje vertical: Personas con discapacidad;2012;78,4
De 25 a 44 años;Resto de personas;Porcentaje vertical: Personas con discapacidad;2011;.
De 25 a 44 años;Resto de personas;Porcentaje vertical: Personas con discapacidad;2010;80,6
De 25 a 44 años;Resto de personas;Porcentaje vertical: Personas con discapacidad;2009;81,8
De 25 a 44 años;Resto de personas;Porcentaje vertical: Personas con discapacidad;2008;77,5
De 25 a 44 años;Resto de personas;Porcentaje horizontal: Total;2012;100,0
De 25 a 44 años;Resto de personas;Porcentaje horizontal: Total;2011;100,0
De 25 a 44 años;Resto de personas;Porcentaje horizontal: Total;2010;100,0
De 25 a 44 años;Resto de personas;Porcentaje horizontal: Total;2009;100,0
De 25 a 44 años;Resto de personas;Porcentaje horizontal: Total;2008;100,0
De 25 a 44 años;Resto de personas;Porcentaje horizontal: Personas sin discapacidad;2012;97,5
De 25 a 44 años;Resto de personas;Porcentaje horizontal: Personas sin discapacidad;2011;.
De 25 a 44 años;Resto de personas;Porcentaje horizontal: Personas sin discapacidad;2010;97,9
De 25 a 44 años;Resto de personas;Porcentaje horizontal: Personas sin discapacidad;2009;98,0
De 25 a 44 años;Resto de personas;Porcentaje horizontal: Personas sin discapacidad;2008;98,4
De 25 a 44 años;Resto de personas;Porcentaje horizontal: Personas con discapacidad;2012;2,5
De 25 a 44 años;Resto de personas;Porcentaje horizontal: Personas con discapacidad;2011;.
De 25 a 44 años;Resto de personas;Porcentaje horizontal: Personas con discapacidad;2010;2,1
De 25 a 44 años;Resto de personas;Porcentaje horizontal: Personas con discapacidad;2009;2,0
De 25 a 44 años;Resto de personas;Porcentaje horizontal: Personas con discapacidad;2008;1,6
De 45 a 64 años;Total;Total;2012;11.919,8
De 45 a 64 años;Total;Total;2011;11.729,7
De 45 a 64 años;Total;Total;2010;11.516,4
De 45 a 64 años;Total;Total;2009;11.300,7
De 45 a 64 años;Total;Total;2008;11.054,8
De 45 a 64 años;Total;Personas sin discapacidad;2012;11.002,3
De 45 a 64 años;Total;Personas sin discapacidad;2011;10.946,9
De 45 a 64 años;Total;Personas sin discapacidad;2010;10.794,3
De 45 a 64 años;Total;Personas sin discapacidad;2009;10.641,0
De 45 a 64 años;Total;Personas sin discapacidad;2008;10.547,7
De 45 a 64 años;Total;Personas con discapacidad;2012;917,5
De 45 a 64 años;Total;Personas con discapacidad;2011;782,8
De 45 a 64 años;Total;Personas con discapacidad;2010;722,1
De 45 a 64 años;Total;Personas con discapacidad;2009;659,7
De 45 a 64 años;Total;Personas con discapacidad;2008;507,1
De 45 a 64 años;Total;Porcentaje vertical: Total;2012;100,0
De 45 a 64 años;Total;Porcentaje vertical: Total;2011;100,0
De 45 a 64 años;Total;Porcentaje vertical: Total;2010;100,0
De 45 a 64 años;Total;Porcentaje vertical: Total;2009;100,0
De 45 a 64 años;Total;Porcentaje vertical: Total;2008;100,0
De 45 a 64 años;Total;Porcentaje vertical: Personas sin discapacidad;2012;100,0
De 45 a 64 años;Total;Porcentaje vertical: Personas sin discapacidad;2011;100,0
De 45 a 64 años;Total;Porcentaje vertical: Personas sin discapacidad;2010;100,0
De 45 a 64 años;Total;Porcentaje vertical: Personas sin discapacidad;2009;100,0
De 45 a 64 años;Total;Porcentaje vertical: Personas sin discapacidad;2008;100,0
De 45 a 64 años;Total;Porcentaje vertical: Personas con discapacidad;2012;100,0
De 45 a 64 años;Total;Porcentaje vertical: Personas con discapacidad;2011;100,0
De 45 a 64 años;Total;Porcentaje vertical: Personas con discapacidad;2010;100,0
De 45 a 64 años;Total;Porcentaje vertical: Personas con discapacidad;2009;100,0
De 45 a 64 años;Total;Porcentaje vertical: Personas con discapacidad;2008;100,0
De 45 a 64 años;Total;Porcentaje horizontal: Total;2012;100,0
De 45 a 64 años;Total;Porcentaje horizontal: Total;2011;100,0
De 45 a 64 años;Total;Porcentaje horizontal: Total;2010;100,0
De 45 a 64 años;Total;Porcentaje horizontal: Total;2009;100,0
De 45 a 64 años;Total;Porcentaje horizontal: Total;2008;100,0
De 45 a 64 años;Total;Porcentaje horizontal: Personas sin discapacidad;2012;92,3
De 45 a 64 años;Total;Porcentaje horizontal: Personas sin discapacidad;2011;93,3
De 45 a 64 años;Total;Porcentaje horizontal: Personas sin discapacidad;2010;93,7
De 45 a 64 años;Total;Porcentaje horizontal: Personas sin discapacidad;2009;94,2
De 45 a 64 años;Total;Porcentaje horizontal: Personas sin discapacidad;2008;95,4
De 45 a 64 años;Total;Porcentaje horizontal: Personas con discapacidad;2012;7,7
De 45 a 64 años;Total;Porcentaje horizontal: Personas con discapacidad;2011;6,7
De 45 a 64 años;Total;Porcentaje horizontal: Personas con discapacidad;2010;6,3
De 45 a 64 años;Total;Porcentaje horizontal: Personas con discapacidad;2009;5,8
De 45 a 64 años;Total;Porcentaje horizontal: Personas con discapacidad;2008;4,6
De 45 a 64 años;Personas en situación de dependencia;Total;2012;149,0
De 45 a 64 años;Personas en situación de dependencia;Total;2011;117,3
De 45 a 64 años;Personas en situación de dependencia;Total;2010;150,4
De 45 a 64 años;Personas en situación de dependencia;Total;2009;134,7
De 45 a 64 años;Personas en situación de dependencia;Total;2008;140,0
De 45 a 64 años;Personas en situación de dependencia;Personas sin discapacidad;2012;25,2
De 45 a 64 años;Personas en situación de dependencia;Personas sin discapacidad;2011;4,7
De 45 a 64 años;Personas en situación de dependencia;Personas sin discapacidad;2010;57,5
De 45 a 64 años;Personas en situación de dependencia;Personas sin discapacidad;2009;57,2
De 45 a 64 años;Personas en situación de dependencia;Personas sin discapacidad;2008;74,0
De 45 a 64 años;Personas en situación de dependencia;Personas con discapacidad;2012;123,8
De 45 a 64 años;Personas en situación de dependencia;Personas con discapacidad;2011;112,5
De 45 a 64 años;Personas en situación de dependencia;Personas con discapacidad;2010;92,9
De 45 a 64 años;Personas en situación de dependencia;Personas con discapacidad;2009;77,5
De 45 a 64 años;Personas en situación de dependencia;Personas con discapacidad;2008;66,0
De 45 a 64 años;Personas en situación de dependencia;Porcentaje vertical: Total;2012;1,3
De 45 a 64 años;Personas en situación de dependencia;Porcentaje vertical: Total;2011;1,0
De 45 a 64 años;Personas en situación de dependencia;Porcentaje vertical: Total;2010;1,3
De 45 a 64 años;Personas en situación de dependencia;Porcentaje vertical: Total;2009;1,2
De 45 a 64 años;Personas en situación de dependencia;Porcentaje vertical: Total;2008;1,3
De 45 a 64 años;Personas en situación de dependencia;Porcentaje vertical: Personas sin discapacidad;2012;0,2
De 45 a 64 años;Personas en situación de dependencia;Porcentaje vertical: Personas sin discapacidad;2011;0,0
De 45 a 64 años;Personas en situación de dependencia;Porcentaje vertical: Personas sin discapacidad;2010;0,5
De 45 a 64 años;Personas en situación de dependencia;Porcentaje vertical: Personas sin discapacidad;2009;0,5
De 45 a 64 años;Personas en situación de dependencia;Porcentaje vertical: Personas sin discapacidad;2008;0,7
De 45 a 64 años;Personas en situación de dependencia;Porcentaje vertical: Personas con discapacidad;2012;13,5
De 45 a 64 años;Personas en situación de dependencia;Porcentaje vertical: Personas con discapacidad;2011;14,4
De 45 a 64 años;Personas en situación de dependencia;Porcentaje vertical: Personas con discapacidad;2010;12,9
De 45 a 64 años;Personas en situación de dependencia;Porcentaje vertical: Personas con discapacidad;2009;11,7
De 45 a 64 años;Personas en situación de dependencia;Porcentaje vertical: Personas con discapacidad;2008;13,0
De 45 a 64 años;Personas en situación de dependencia;Porcentaje horizontal: Total;2012;100,0
De 45 a 64 años;Personas en situación de dependencia;Porcentaje horizontal: Total;2011;100,0
De 45 a 64 años;Personas en situación de dependencia;Porcentaje horizontal: Total;2010;100,0
De 45 a 64 años;Personas en situación de dependencia;Porcentaje horizontal: Total;2009;100,0
De 45 a 64 años;Personas en situación de dependencia;Porcentaje horizontal: Total;2008;100,0
De 45 a 64 años;Personas en situación de dependencia;Porcentaje horizontal: Personas sin discapacidad;2012;16,9
De 45 a 64 años;Personas en situación de dependencia;Porcentaje horizontal: Personas sin discapacidad;2011;4,0
De 45 a 64 años;Personas en situación de dependencia;Porcentaje horizontal: Personas sin discapacidad;2010;38,2
De 45 a 64 años;Personas en situación de dependencia;Porcentaje horizontal: Personas sin discapacidad;2009;42,5
De 45 a 64 años;Personas en situación de dependencia;Porcentaje horizontal: Personas sin discapacidad;2008;52,8
De 45 a 64 años;Personas en situación de dependencia;Porcentaje horizontal: Personas con discapacidad;2012;83,1
De 45 a 64 años;Personas en situación de dependencia;Porcentaje horizontal: Personas con discapacidad;2011;96,0
De 45 a 64 años;Personas en situación de dependencia;Porcentaje horizontal: Personas con discapacidad;2010;61,8
De 45 a 64 años;Personas en situación de dependencia;Porcentaje horizontal: Personas con discapacidad;2009;57,5
De 45 a 64 años;Personas en situación de dependencia;Porcentaje horizontal: Personas con discapacidad;2008;47,2
De 45 a 64 años;Resto de personas;Total;2012;11.770,8
De 45 a 64 años;Resto de personas;Total;2011;11.612,5
De 45 a 64 años;Resto de personas;Total;2010;11.366,1
De 45 a 64 años;Resto de personas;Total;2009;11.166,0
De 45 a 64 años;Resto de personas;Total;2008;10.914,8
De 45 a 64 años;Resto de personas;Personas sin discapacidad;2012;10.977,1
De 45 a 64 años;Resto de personas;Personas sin discapacidad;2011;10.942,1
De 45 a 64 años;Resto de personas;Personas sin discapacidad;2010;10.736,8
De 45 a 64 años;Resto de personas;Personas sin discapacidad;2009;10.583,8
De 45 a 64 años;Resto de personas;Personas sin discapacidad;2008;10.473,7
De 45 a 64 años;Resto de personas;Personas con discapacidad;2012;793,7
De 45 a 64 años;Resto de personas;Personas con discapacidad;2011;670,3
De 45 a 64 años;Resto de personas;Personas con discapacidad;2010;629,2
De 45 a 64 años;Resto de personas;Personas con discapacidad;2009;582,2
De 45 a 64 años;Resto de personas;Personas con discapacidad;2008;441,1
De 45 a 64 años;Resto de personas;Porcentaje vertical: Total;2012;98,7
De 45 a 64 años;Resto de personas;Porcentaje vertical: Total;2011;99,0
De 45 a 64 años;Resto de personas;Porcentaje vertical: Total;2010;98,7
De 45 a 64 años;Resto de personas;Porcentaje vertical: Total;2009;98,8
De 45 a 64 años;Resto de personas;Porcentaje vertical: Total;2008;98,7
De 45 a 64 años;Resto de personas;Porcentaje vertical: Personas sin discapacidad;2012;99,8
De 45 a 64 años;Resto de personas;Porcentaje vertical: Personas sin discapacidad;2011;100,0
De 45 a 64 años;Resto de personas;Porcentaje vertical: Personas sin discapacidad;2010;99,5
De 45 a 64 años;Resto de personas;Porcentaje vertical: Personas sin discapacidad;2009;99,5
De 45 a 64 años;Resto de personas;Porcentaje vertical: Personas sin discapacidad;2008;99,3
De 45 a 64 años;Resto de personas;Porcentaje vertical: Personas con discapacidad;2012;86,5
De 45 a 64 años;Resto de personas;Porcentaje vertical: Personas con discapacidad;2011;85,6
De 45 a 64 años;Resto de personas;Porcentaje vertical: Personas con discapacidad;2010;87,1
De 45 a 64 años;Resto de personas;Porcentaje vertical: Personas con discapacidad;2009;88,3
De 45 a 64 años;Resto de personas;Porcentaje vertical: Personas con discapacidad;2008;87,0
De 45 a 64 años;Resto de personas;Porcentaje horizontal: Total;2012;100,0
De 45 a 64 años;Resto de personas;Porcentaje horizontal: Total;2011;100,0
De 45 a 64 años;Resto de personas;Porcentaje horizontal: Total;2010;100,0
De 45 a 64 años;Resto de personas;Porcentaje horizontal: Total;2009;100,0
De 45 a 64 años;Resto de personas;Porcentaje horizontal: Total;2008;100,0
De 45 a 64 años;Resto de personas;Porcentaje horizontal: Personas sin discapacidad;2012;93,3
De 45 a 64 años;Resto de personas;Porcentaje horizontal: Personas sin discapacidad;2011;94,2
De 45 a 64 años;Resto de personas;Porcentaje horizontal: Personas sin discapacidad;2010;94,5
De 45 a 64 años;Resto de personas;Porcentaje horizontal: Personas sin discapacidad;2009;94,8
De 45 a 64 años;Resto de personas;Porcentaje horizontal: Personas sin discapacidad;2008;96,0
De 45 a 64 años;Resto de personas;Porcentaje horizontal: Personas con discapacidad;2012;6,7
De 45 a 64 años;Resto de personas;Porcentaje horizontal: Personas con discapacidad;2011;5,8
De 45 a 64 años;Resto de personas;Porcentaje horizontal: Personas con discapacidad;2010;5,5
De 45 a 64 años;Resto de personas;Porcentaje horizontal: Personas con discapacidad;2009;5,2
De 45 a 64 años;Resto de personas;Porcentaje horizontal: Personas con discapacidad;2008;4,0
